{"mtx": [[1341.1242458186498, 0.0, 995.243488957529], [0.0, 1339.680589154634, 600.9330653622704], [0.0, 0.0, 1.0]], "dist": [[0.19127307067183455, -0.46556675088467214, 0.005092293042759882, 0.006074779190247011, 0.399125599990677]]}