{"mtx": [[1459.5083743251962, 0.0, 1000.76722052723], [0.0, 1455.8536374597695, 586.6793997906234], [0.0, 0.0, 1.0]], "dist": [[0.21824240062443465, -0.5230368748181051, 0.003689921513662419, 0.012104587933522546, 0.4446999440474226]]}