{"mtx": [[1353.0167028590265, 0.0, 949.5819634181934], [0.0, 1356.1693810861593, 562.6333938883831], [0.0, 0.0, 1.0]], "dist": [[0.18073901916095428, -0.6168358615047039, 0.0022042834658051796, -0.002133224261010504, 0.623339546086684]]}