{"mtx": [[625.022283175435, 0.0, 329.4392587954002], [0.0, 622.9934071991781, 253.7855730747384], [0.0, 0.0, 1.0]], "dist": [[0.10408723191549227, 0.37018181257985355, 0.0002560650966827093, 0.003762794069511029, -2.252504248148172]]}