{"mtx": [[1523.4216887110215, 0.0, 924.6620914515989], [0.0, 1525.8394626517056, 613.0864093250123], [0.0, 0.0, 1.0]], "dist": [[0.19598281098737402, -0.6311753231560809, 0.006266798862960003, -0.00261988627682051, 0.6408381490819057]]}