{"intrinsic": {"fx": 476.2966736346134, "fy": 477.281086497636, "u0": 486.41311338415875, "v0": 280.53634562055413}, "extrinsic": {"x": -0.28575, "y": -0.09525, "z": 0.175, "yaw": -1.57, "pitch": 0, "roll": 0}, "dist": [[0.030866868034740414, -0.05537685662436874, 0.0011619568416450787, 0.002064022972533087, 0.021275288331696496]]}