{"intrinsic": {"fx": 635.1275651625832, "fy": 636.2461893471142, "u0": 480.8673458830487, "v0": 280.9058247816454}, "extrinsic": {"x": -0.28575, "y": 0.09525, "z": 0.175, "yaw": 1.57, "pitch": 0, "roll": 0}, "dist": [[0.1700323941605003, -0.5178711886418794, 0.0018104852085142746, 0.0008003085230987607, 0.44978201759371195]]}