{"intrinsic": {"fx": 1341.1242458186498, "fy": 1339.680589154634, "u0": 995.243488957529, "v0": 600.9330653622704}, "extrinsic": {"x": -0.206, "y": -0.01, "z": 0.175, "yaw": 0, "pitch": 0, "roll": 0.0}, "dist": [[0.19127307067183455, -0.46556675088467214, 0.005092293042759882, 0.006074779190247011, 0.399125599990677]]}
