{"intrinsic": {"fx": 1353.0167028590265, "fy": 1356.1693810861593, "u0": 949.5819634181934, "v0": 562.6333938883831}, "extrinsic": {"x": -0.28575, "y": 0.09525, "z": 0.175, "yaw": 1.57, "pitch": 0, "roll": 0}, "dist": [[0.18073901916095428, -0.6168358615047039, 0.0022042834658051796, -0.002133224261010504, 0.623339546086684]]}