{"intrinsic": {"fx": 1459.5083743251962, "fy": 1455.8536374597695, "u0": 1000.76722052723, "v0": 586.6793997906234}, "extrinsic": {"x": -0.336, "y": -0.01, "z": 0.175, "yaw":3.1415, "pitch": 0, "roll":  0.03}, "dist": [[0.21824240062443465, -0.5230368748181051, 0.003689921513662419, 0.012104587933522546, 0.4446999440474226]]}