{"intrinsic": {"fx": 658.668045239589, "fy": 660.4772526755353, "u0": 484.915239352794, "v0": 270.83797559323193}, "extrinsic": {"x": -0.206, "y": -0.01, "z": 0.175, "yaw": 0, "pitch": 0, "roll": 0}, "dist": [[0.2083312237742392, -1.0907053130312983, -0.007201559027283111, -0.0023968303339281156, 2.336897699178389]]}