{"intrinsic": {"fx": 625.022283175435, "fy": 622.9934071991781, "u0": 329.4392587954002, "v0": 253.7855730747384}, "extrinsic": {"x": -0.206, "y": -0.01, "z": 0.175, "yaw": 0, "pitch": 0, "roll": 0.0}, "dist": [[0.10408723191549227, 0.37018181257985355, 0.0002560650966827093, 0.003762794069511029, -2.252504248148172]]}