{"intrinsic": {"fx": 334.57297149843976, "fy": 333.63921698500195, "u0": 449.00507106075264, "v0": 267.46672244636403}, "extrinsic": {"x": -0.336, "y": -0.01, "z": 0.175, "yaw":3.1415, "pitch": 0, "roll": 0}, "dist": [[-0.00706514230295528, -0.00013334930659440625, -0.0041231876351275, -0.00482757386592341, 0.0033306413886521223]]}