{"intrinsic": {"fx": 1523.4216887110215, "fy": 1525.8394626517056, "u0": 924.6620914515989, "v0": 613.0864093250123}, "extrinsic": {"x": -0.28575, "y": -0.09525, "z": 0.175, "yaw": -1.57, "pitch": 0, "roll": 0}, "dist": [[0.19598281098737402, -0.6311753231560809, 0.006266798862960003, -0.00261988627682051, 0.6408381490819057]]}